Legacy_mean_ms,FHIR_mean_ms,Mean_diff_ms,p_value
175.8990519142798,90.7140318336685,85.1850200806113,1.984300805521795e-58
